variable,weight
output,-0.299359932960554
investment,-0.854870328004918
consumption,-0.158593729003345
hours_worked,-0.0493464577016478
unemployment,0.0896737382062638
labor_share,0.365186278993321
interest,0.100941210531648
inflation,0.0353546679604696
productivity,-0.229920043752694
TFP,-0.314398913349981
vfci,0.224346629754148
